{
    "AAA": [
        0.964157101750617,
        0.9054801587088959,
        0.8509011281496508,
        0.6613001687585417
    ],
    "AAC": [
        0.6329214975922398,
        0.7006857820076735,
        0.5182615127712468,
        0.4328498800199728
    ],
    "AAG": [
        0.20798283859376399,
        0.85873415405451,
        0.5681010303186899,
        0.349042267212302
    ],
    "AAT": [
        0.7953773476618329,
        0.1327123485684395,
        0.8139586181706189,
        0.6363194414819645
    ],
    "ACA": [
        0.5855959465704637,
        0.5772670660681146,
        0.06713086905558696,
        0.9183664228405541
    ],
    "ACC": [
        0.013574272678167909,
        0.4886114754109594,
        0.35155372364608184,
        0.8193653748747558
    ],
    "ACG": [
        0.40533473967298783,
        0.5177035648425149,
        0.35470254507216237,
        0.2067312529591686
    ],
    "ACT": [
        0.4165372815380113,
        0.4734343420638095,
        0.8387333944473572,
        0.29849191083189386
    ],
    "AGA": [
        0.22068201349446637,
        0.6657265513625003,
        0.3626029423871783,
        0.8043487090232694
    ],
    "AGC": [
        0.2764316826095664,
        0.12096872104011547,
        0.9944943230375138,
        0.7906336308608611
    ],
    "AGG": [
        0.215805357390212,
        0.28435347510217035,
        0.02627641510158163,
        0.0852467905604607
    ],
    "AGT": [
        0.5228811479406201,
        0.5507101576973329,
        0.15613552434018607,
        0.34778744662160466
    ],
    "ATA": [
        0.015112849866058431,
        0.21723501264382428,
        0.9434796014259171,
        0.5778223932221127
    ],
    "ATC": [
        0.5112813051542366,
        0.536844173824428,
        0.5649973729285772,
        0.4360236849849971
    ],
    "ATG": [
        0.12671680502352456,
        0.1954819418675614,
        0.7325644116088924,
        0.13631906312157982
    ],
    "ATT": [
        0.07971156101874888,
        0.0633342144167095,
        0.48541427564624007,
        0.06608281673132788
    ],
    "CAA": [
        0.631809138121932,
        0.30501698361786744,
        0.47416946549342787,
        0.2354529326360908
    ],
    "CAC": [
        0.2851827617306514,
        0.7136832948257332,
        0.23358329569182534,
        0.9753496927715283
    ],
    "CAG": [
        0.5626352899521423,
        0.13609140781314855,
        0.09603029396754359,
        0.7692570438370961
    ],
    "CAT": [
        0.45650295773945015,
        0.6932840361684106,
        0.42822667430732875,
        0.7519772953328422
    ],
    "CCA": [
        0.6635164983440174,
        0.15506722447287813,
        0.5741909020137758,
        0.861688763353676
    ],
    "CCC": [
        0.08230169482394456,
        0.45154575907252237,
        0.8762938900664979,
        0.6524753519444308
    ],
    "CCG": [
        0.6626484247460684,
        0.04765149912950428,
        0.2653242781215699,
        0.16838382031138255
    ],
    "CCT": [
        0.6100506901499385,
        0.23914177154205796,
        0.03518442520656939,
        0.748995035405072
    ],
    "CGA": [
        0.6314947030705503,
        0.2338596864217416,
        0.47736000463590555,
        0.6745467170224477
    ],
    "CGC": [
        0.39291757826990903,
        0.9862368983225545,
        0.34463054433892704,
        0.2841441034215184
    ],
    "CGG": [
        0.023824920286089624,
        0.19874552676359358,
        0.29559459722469994,
        0.7146494236114022
    ],
    "CGT": [
        0.4166338148414295,
        0.7446047830557105,
        0.7759714418778523,
        0.5941500458045103
    ],
    "CTA": [
        0.2364287986592375,
        0.40633533234585406,
        0.3354890372165621,
        0.26847296982844027
    ],
    "CTC": [
        0.27226843970615144,
        0.9811385093783243,
        0.21539589800281156,
        0.9096228507199825
    ],
    "CTG": [
        0.8505332286481058,
        0.17966030881285167,
        0.9234476708603546,
        0.28758221519713845
    ],
    "CTT": [
        0.8906927365155209,
        0.22130142347658288,
        0.47898161368966496,
        0.07739205721720344
    ],
    "GAA": [
        0.7116385604611605,
        0.13020885208599975,
        0.9681491747779085,
        0.6897246634831581
    ],
    "GAC": [
        0.18166860172817745,
        0.5107762252074108,
        0.48499346794400144,
        0.42087173963949354
    ],
    "GAG": [
        0.9710834120084331,
        0.5753386880059596,
        0.12226901105864241,
        0.9062730875591234
    ],
    "GAT": [
        0.704462301006271,
        0.20588402353504964,
        0.27984780431182643,
        0.7215955136510408
    ],
    "GCA": [
        0.10155593972250998,
        0.6451993615456946,
        0.4985252360700133,
        0.5017184912037685
    ],
    "GCC": [
        0.5463228274969769,
        0.3757960787817187,
        0.7260126695161454,
        0.7997439013421194
    ],
    "GCG": [
        0.7433843001720214,
        0.9673833462516125,
        0.8363839825665489,
        0.9538344964316594
    ],
    "GCT": [
        0.09982096550099617,
        0.01527505120799777,
        0.18574695541943842,
        0.057737745598080314
    ],
    "GGA": [
        0.8040796486395194,
        0.6473392412192011,
        0.09878132251273986,
        0.8940994958305444
    ],
    "GGC": [
        0.18371522063688017,
        0.2994501812081186,
        0.8500739099634248,
        0.823754833768244
    ],
    "GGG": [
        0.8266572567878007,
        0.7306543198092816,
        0.8886881199881604,
        0.07903385534203289
    ],
    "GGT": [
        0.5162120464408172,
        0.28958953229155326,
        0.4636262076412493,
        0.3378769568748019
    ],
    "GTA": [
        0.07924867898129029,
        0.677001661959774,
        0.32365556283031494,
        0.43118114137133934
    ],
    "GTC": [
        0.742748433611311,
        0.07249006987368145,
        0.674986767760827,
        0.6477429243416192
    ],
    "GTG": [
        0.5327265701703716,
        0.49355905414067525,
        0.8621306218332171,
        0.6882018406908924
    ],
    "GTT": [
        0.03544435322073536,
        0.5233918704597998,
        0.5170924125461155,
        0.6685557873734139
    ],
    "TAA": [
        0.03800940882123316,
        0.9301319991101973,
        0.17151387587321276,
        0.7332729933677918
    ],
    "TAC": [
        0.13331527406047805,
        0.6691643625697871,
        0.6413834407839212,
        0.747975835073913
    ],
    "TAG": [
        0.7617264017529077,
        0.15183122316093678,
        0.8379957865164382,
        0.04975519570025244
    ],
    "TAT": [
        0.2574781366223947,
        0.724940757036409,
        0.8861556078673003,
        0.9239276869884139
    ],
    "TCA": [
        0.5532275834715675,
        0.8806392137305686,
        0.982283767386395,
        0.822168876921972
    ],
    "TCC": [
        0.24103105913421352,
        0.0895318936661601,
        0.12389821846989146,
        0.804456383114729
    ],
    "TCG": [
        0.5008399070133417,
        0.9743799097017891,
        0.3447278313317723,
        0.7565833533671071
    ],
    "TCT": [
        0.967565347949828,
        0.7892222195771067,
        0.5923299885470814,
        0.03180045595441561
    ],
    "TGA": [
        0.5629382017534856,
        0.7319130445612125,
        0.04258465636792286,
        0.7036532807471627
    ],
    "TGC": [
        0.8788465532539662,
        0.8969262143526988,
        0.9426731916431811,
        0.8111872508737026
    ],
    "TGG": [
        0.8539194622208364,
        0.29005602197247193,
        0.20334723625051543,
        0.9350079895227092
    ],
    "TGT": [
        0.21031013854189862,
        0.680294028813363,
        0.8285914224520423,
        0.12055821513770604
    ],